Time Elapsed (s),Timestamp,Frequency,Moving Average
0.0488743782043457,1756893372.385658,5976273.685065792,5976273.685065792
0.5598921775817871,1756893372.896675,5976272.126888204,5976272.905976998
1.062401533126831,1756893373.399185,5976272.844272756,5976272.8854089165
1.5652740001678467,1756893373.902057,5976273.459076964,5976273.028825928
2.0720033645629883,1756893374.408786,5976273.826808409,5976273.188422425
2.5764122009277344,1756893374.913195,5976271.783860198,5976272.808181306
3.0807504653930664,1756893375.417534,5976273.932202503,5976273.169244166
3.5855820178985596,1756893375.922365,5976273.500260021,5976273.300441619
4.090559959411621,1756893376.427343,5976272.508349467,5976273.11029612
4.59967565536499,1756893376.936459,5976273.070523774,5976272.959039194
5.106813192367554,1756893377.443596,5976273.763134543,5976273.3548940625
5.6091248989105225,1756893377.945908,5976272.5486116605,5976273.078175893
6.115453720092773,1756893378.452237,5976273.291230427,5976273.036369975
6.623342275619507,1756893378.960126,5976271.874878592,5976272.909675799
7.127152919769287,1756893379.463936,5976270.617228608,5976272.419016765
7.630316734313965,1756893379.9671,5976267.879974984,5976271.242384855
8.133439779281616,1756893380.470223,5976265.398695801,5976269.812401682
8.640471458435059,1756893380.977255,5976262.193157567,5976267.592787109
9.145337104797363,1756893381.48212,5976260.685691414,5976265.3549496755
9.648020505905151,1756893381.984804,5976257.525301065,5976262.736564166
10.15301775932312,1756893382.489801,5976256.0223688865,5976260.365042946
10.657730102539062,1756893382.994513,5976252.446330221,5976257.77456983
11.160940408706665,1756893383.497724,5976248.1233690325,5976254.960612124
11.665624856948853,1756893384.002408,5976240.81066499,5976250.985606839
12.170471906661987,1756893384.507255,5976233.421388599,5976246.164824346
12.674896240234375,1756893385.01168,5976226.488687786,5976240.258088126
13.179513454437256,1756893385.516297,5976222.589259805,5976234.286674043
13.686200141906738,1756893386.022983,5976221.253157376,5976228.912631711
14.191025018692017,1756893386.527808,5976217.554061946,5976224.261311103
14.693807125091553,1756893387.03059,5976219.025505713,5976221.382134525
15.20048475265503,1756893387.537268,5976218.240949294,5976219.732586826
15.705143213272095,1756893388.041926,5976215.02149579,5976218.219034024
16.21039891242981,1756893388.547182,5976212.373329304,5976216.443068409
16.71418786048889,1756893389.050971,5976211.128462694,5976215.157948559
17.220682621002197,1756893389.557466,5976209.130265886,5976213.178900594
17.72515296936035,1756893390.061936,5976205.50185951,5976210.631082636
18.230062007904053,1756893390.566845,5976203.317693063,5976208.2903220905
18.7347309589386,1756893391.071514,5976200.719157277,5976205.959487686
19.23720097541809,1756893391.573984,5976197.938252171,5976203.321445581
19.744152545928955,1756893392.080936,5976195.411096086,5976200.577611621
20.249157667160034,1756893392.585941,5976191.836342792,5976197.844508277
20.75545859336853,1756893393.092242,5976188.313739783,5976194.843717622
21.25836205482483,1756893393.595145,5976184.44517991,5976191.588922149
21.76542067527771,1756893394.102204,5976180.899395444,5976188.181150803
22.27066135406494,1756893394.607445,5976176.948130529,5976184.488557692
22.77526354789734,1756893395.112047,5976174.914039234,5976181.104096981
23.282004594802856,1756893395.618788,5976170.670061265,5976177.575361276
23.789853811264038,1756893396.126637,5976167.983020275,5976174.28292935
24.293787956237793,1756893396.630571,5976162.292743226,5976170.561598906
24.800989389419556,1756893397.137773,5976158.561654188,5976166.884303638
25.30626893043518,1756893397.643052,5976153.866593847,5976162.6748145595
25.8112211227417,1756893398.148004,5976151.029400967,5976158.7466825005
26.315569400787354,1756893398.652353,5976145.011207024,5976154.15231985
26.820560932159424,1756893399.157344,5976139.153249704,5976149.524421145
27.327765226364136,1756893399.664548,5976135.225076717,5976144.857105652
27.832740783691406,1756893400.169524,5976133.311605736,5976140.74610803
28.33739471435547,1756893400.674178,5976135.150167039,5976137.570261245
28.843159437179565,1756893401.179943,5976135.068894451,5976135.581798729
29.349949598312378,1756893401.686733,5976138.070838744,5976135.365316537
29.855128049850464,1756893402.191911,5976139.514196177,5976136.223140428
30.357555389404297,1756893402.694339,5976140.9918749565,5976137.7591942735
30.86450457572937,1756893403.201288,5976143.78099749,5976139.4853603635
31.36747455596924,1756893403.704258,5976146.766257528,5976141.824832979
31.875868320465088,1756893404.212652,5976151.053452128,5976144.421355655
32.383238792419434,1756893404.720022,5976154.171987957,5976147.352914011
32.88806200027466,1756893405.224845,5976159.16927694,5976150.988394408
33.39112997055054,1756893405.727913,5976163.423416381,5976154.916878187
33.89832544326782,1756893406.235109,5976169.138038756,5976159.391234432
34.40345859527588,1756893406.740242,5976175.399999307,5976164.260543868
34.90591549873352,1756893407.242699,5976181.278087722,5976169.68176382
35.411229848861694,1756893407.748013,5976187.681208955,5976175.384150224
35.91595697402954,1756893408.25274,5976193.041618671,5976181.307790683
36.42062067985535,1756893408.757404,5976198.337350525,5976187.147653037
36.92552900314331,1756893409.262312,5976202.891135074,5976192.64588019
37.43011426925659,1756893409.766897,5976205.914329569,5976197.57312856
37.934648513793945,1756893410.271432,5976207.254863652,5976201.487859499
38.43972706794739,1756893410.77651,5976210.571967045,5976204.993929173
38.94464135169983,1756893411.281425,5976212.786323742,5976207.883723816
39.451354026794434,1756893411.788137,5976214.100459742,5976210.1255887505
39.9579074382782,1756893412.294691,5976215.435711651,5976212.029865166
40.46425747871399,1756893412.801041,5976216.490662978,5976213.877025032
40.967103481292725,1756893413.303887,5976218.358461694,5976215.434323961
41.47166705131531,1756893413.80845,5976220.456341963,5976216.968327606
41.97850513458252,1756893414.315288,5976223.1782798385,5976218.783891625
42.481711626052856,1756893414.818495,5976226.890171432,5976221.074783581
42.98457360267639,1756893415.321357,5976233.878008941,5976224.552252774
43.489612340927124,1756893415.826395,5976241.895422873,5976229.259645009
43.99219870567322,1756893416.328982,5976245.677108238,5976234.303798264
44.497021198272705,1756893416.833804,5976250.012724904,5976239.670687278
45.0014488697052,1756893417.338232,5976252.893703559,5976244.871393703
45.504501819610596,1756893417.841285,5976254.772213707,5976249.050234656
46.00978660583496,1756893418.34657,5976258.0049238065,5976252.272134842
46.51450848579407,1756893418.851292,5976261.951047235,5976255.526922641
47.01925468444824,1756893419.356038,5976266.9182291,5976258.908023481
47.52405548095703,1756893419.860839,5976271.421685908,5976262.6136199515
48.026753425598145,1756893420.363537,5976274.324413566,5976266.524059923
48.531553506851196,1756893420.868337,5976275.976877332,5976270.118450629
49.03421926498413,1756893421.371003,5976274.581468743,5976272.64453493
49.53905415534973,1756893421.875837,5976272.221558076,5976273.705200724
50.04176330566406,1756893422.378547,5976268.671162899,5976273.155096123
50.55026125907898,1756893422.887044,5976265.265432801,5976271.34329997
51.05314803123474,1756893423.389931,5976263.594980225,5976268.8669205485
51.55802774429321,1756893423.894811,5976258.779075749,5976265.70644195
52.06306767463684,1756893424.399851,5976257.776863037,5976262.817502943
52.56846308708191,1756893424.905246,5976256.03104035,5976260.289478431
53.072691917419434,1756893425.409475,5976251.621377315,5976257.560667335
53.57802939414978,1756893425.914812,5976246.969495236,5976254.235570338
54.08089756965637,1756893426.417681,5976239.813926298,5976250.442540447
54.58594465255737,1756893426.922728,5976231.591345282,5976245.205436896
55.09102725982666,1756893427.42781,5976227.647600751,5976239.528748976
55.59548759460449,1756893427.932271,5976225.669445512,5976234.3383626165
56.10219359397888,1756893428.438977,5976223.878551679,5976229.720173905
56.60523200035095,1756893428.942015,5976223.884665188,5976226.5343216825
57.109764099121094,1756893429.446547,5976222.120182228,5976224.64008907
57.614378929138184,1756893429.951162,5976219.619865475,5976223.034542017
58.11970496177673,1756893430.456488,5976217.909783798,5976221.482609673
58.62212872505188,1756893430.958912,5976217.423753383,5976220.191650015
59.12498474121094,1756893431.461768,5976214.285636417,5976218.27184426
59.62796640396118,1756893431.96475,5976212.576801742,5976216.363168163
60.13459515571594,1756893432.471378,5976211.130803222,5976214.665355712
60.637022733688354,1756893432.973806,5976208.764356983,5976212.836270349
61.139941692352295,1756893433.476725,5976207.079579865,5976210.767435646
61.64463973045349,1756893433.981423,5976203.543221459,5976208.618952653
62.14942526817322,1756893434.486209,5976199.862159603,5976206.076024226
62.65843629837036,1756893434.99522,5976196.787460708,5976203.207355723
63.16169357299805,1756893435.498477,5976192.967840888,5976200.048052504
63.664233922958374,1756893436.001017,5976189.2640963765,5976196.484955806
64.17118549346924,1756893436.507968,5976186.833611763,5976193.143033868
64.67952704429626,1756893437.01631,5976181.32005735,5976189.434613417
65.1820387840271,1756893437.518822,5976177.589441533,5976185.595009582
65.68764185905457,1756893438.024425,5976172.9173835935,5976181.584918124
66.19490623474121,1756893438.531689,5976168.309459951,5976177.393990838
66.70136260986328,1756893439.038146,5976164.750470048,5976172.977362496
67.20639276504517,1756893439.543176,5976159.469037157,5976168.607158456
67.71082067489624,1756893440.047604,5976156.206705951,5976164.33061134
68.2175920009613,1756893440.554375,5976151.300473731,5976160.007229367
68.72440433502197,1756893441.061188,5976145.884383755,5976155.522214128
69.2293598651886,1756893441.566143,5976140.905492855,5976150.75321869
69.73464632034302,1756893442.071429,5976137.792079328,5976146.417827125
70.24140334129333,1756893442.578186,5976138.673639753,5976142.911213884
70.74592518806458,1756893443.082708,5976140.383862116,5976140.727891562
71.24918603897095,1756893443.585969,5976141.747475339,5976139.900509877
71.75191307067871,1756893444.088696,5976143.170931892,5976140.353597686
72.254873752594,1756893444.591657,5976145.139916866,5976141.823165193
72.75749635696411,1756893445.094279,5976147.846564572,5976143.657750158
73.26399612426758,1756893445.600779,5976149.756345705,5976145.532246875
73.7687680721283,1756893446.105551,5976153.16034279,5976147.814820365
74.2716772556305,1756893446.60846,5976156.287786693,5976150.438191325
74.77612519264221,1756893447.112908,5976159.227451205,5976153.255698193
75.28095030784607,1756893447.617734,5976163.028084613,5976156.292002201
75.78747129440308,1756893448.124255,5976169.129674247,5976160.16666791
76.29058456420898,1756893448.627368,5976174.759199892,5976164.4864393305
76.7933144569397,1756893449.130098,5976179.893006872,5976169.207483366
77.30029487609863,1756893449.637078,5976187.2345710285,5976174.808907331
77.80560088157654,1756893450.142384,5976192.176972717,5976180.638684952
78.31092715263367,1756893450.64771,5976195.761996195,5976185.965149341
78.81749510765076,1756893451.154278,5976200.75911891,5976191.165133145
79.32332992553711,1756893451.660113,5976204.043243882,5976195.995180546
79.82774567604065,1756893452.164529,5976206.452062626,5976199.838678866
80.33052206039429,1756893452.667305,5976208.660171523,5976203.135318628
80.83756422996521,1756893453.174347,5976210.444689656,5976206.07185732
81.34213876724243,1756893453.678922,5976213.362924909,5976208.592618519
81.8448257446289,1756893454.181609,5976215.017377485,5976210.787445241
82.34966135025024,1756893454.686445,5976218.00196606,5976213.0974259265
82.85627055168152,1756893455.193054,5976217.247746973,5976214.814941017
83.360924243927,1756893455.697707,5976219.929147675,5976216.711832621
83.86556935310364,1756893456.202352,5976222.077496374,5976218.454746914
84.37028527259827,1756893456.707069,5976226.332569468,5976220.71778531
84.87538576126099,1756893457.212169,5976232.040323737,5976223.525456846
85.38191843032837,1756893457.718702,5976238.283822255,5976227.732671902
85.88640475273132,1756893458.223188,5976245.031845195,5976232.753211406
86.38994431495667,1756893458.726728,5976248.8965425575,5976238.117020642
86.89656805992126,1756893459.233351,5976252.026915318,5976243.2558898125
87.39935755729675,1756893459.736141,5976254.898646971,5976247.82755446
87.9019067287445,1756893460.23869,5976258.962270009,5976251.963244012
88.40430307388306,1756893460.741086,5976261.302203056,5976255.217315583
88.90869927406311,1756893461.245483,5976265.216326482,5976258.481272368
89.4139792919159,1756893461.750762,5976269.621295671,5976262.000148438
89.91633987426758,1756893462.253123,5976273.4036524985,5976265.701149544
90.41927194595337,1756893462.756055,5976278.233683274,5976269.555432196
90.92233991622925,1756893463.259123,5976276.431649552,5976272.581321495
91.42462587356567,1756893463.761409,5976273.862913928,5976274.310638985
91.93168473243713,1756893464.268468,5976271.472026439,5976274.680785139
92.43669557571411,1756893464.773479,5976267.0361571675,5976273.407286072
92.93949508666992,1756893465.276278,5976262.971549317,5976270.35485928
93.44468545913696,1756893465.781469,5976261.416217455,5976267.351772862
93.94897103309631,1756893466.285754,5976258.60416926,5976264.300023927
94.45478200912476,1756893466.791565,5976255.508725359,5976261.107363712
94.96183395385742,1756893467.298617,5976251.435484414,5976257.987229161
95.46628093719482,1756893467.803064,5976246.368798144,5976254.666678926
95.968989610672,1756893468.305773,5976238.51465201,5976250.086365838
96.47214818000793,1756893468.808931,5976232.669433301,5976244.8994186465
96.97497320175171,1756893469.311756,5976226.949209007,5976239.187515376
97.4800374507904,1756893469.816821,5976224.029707567,5976233.706360006
97.98520612716675,1756893470.321989,5976221.797400427,5976228.792080462
98.49161648750305,1756893470.8284,5976220.3759518685,5976225.164340434
98.99871444702148,1756893471.335497,5976219.129914994,5976222.456436773
99.50650000572205,1756893471.843283,5976218.660607202,5976220.798716413
100.01303744316101,1756893472.349821,5976217.014077889,5976219.395590475
100.51829957962036,1756893472.855083,5976215.211813951,5976218.0784731805
101.02057600021362,1756893473.357359,5976212.867155084,5976216.576713823
101.52768898010254,1756893473.864472,5976211.146675325,5976214.98006589
102.03052043914795,1756893474.367304,5976208.887426537,5976213.025429757
102.54132723808289,1756893474.878111,5976208.514131542,5976211.325440488
103.04386043548584,1756893475.380644,5976206.363231285,5976209.555723955
103.54883980751038,1756893475.885623,5976203.231611521,5976207.628615242
104.05580830574036,1756893476.392591,5976200.19902294,5976205.4390847655
104.56232500076294,1756893476.899108,5976198.732791005,5976203.408157659
105.06518006324768,1756893477.401963,5976194.615348618,5976200.628401075
105.56755232810974,1756893477.904335,5976190.046772701,5976197.365109357
106.070547580719,1756893478.407331,5976187.0588076245,5976194.130548577
106.57298350334167,1756893478.909767,5976183.489368481,5976190.7886176845
107.07781887054443,1756893479.414602,5976180.357090044,5976187.113477494
107.5823917388916,1756893479.919175,5976174.901076803,5976183.170623131
108.08534550666809,1756893480.422129,5976170.796648006,5976179.320598192
108.59009766578674,1756893480.926881,5976166.379343084,5976175.1847052835
109.09594750404358,1756893481.432731,5976161.941510582,5976170.875133703
109.60279750823975,1756893481.939581,5976156.84416084,5976166.172547864
110.10597968101501,1756893482.442763,5976153.622724922,5976161.916877488
110.6128294467926,1756893482.949613,5976148.375363977,5976157.43262068
111.11546087265015,1756893483.452244,5976143.275871948,5976152.811926453
111.62248373031616,1756893483.959267,5976140.1310723275,5976148.449838803
112.12725138664246,1756893484.464035,5976138.627507055,5976144.806508047
112.63002681732178,1756893484.96681,5976139.254806867,5976141.932924435
113.13658881187439,1756893485.473372,5976141.388984501,5976140.53564854
113.64181971549988,1756893485.978603,5976143.401154133,5976140.560704976
114.1466007232666,1756893486.483384,5976145.405112731,5976141.615513057
114.65543961524963,1756893486.992223,5976147.850414293,5976143.460094506
115.16045570373535,1756893487.497239,5976150.216886112,5976145.652510354
115.66578221321106,1756893488.002565,5976153.278085405,5976148.030330534
116.16851139068604,1756893488.505295,5976157.523617332,5976150.854823174
116.67090463638306,1756893489.007688,5976162.049807954,5976154.18376222
117.17601943016052,1756893489.512803,5976167.156820367,5976158.045043434
117.68039417266846,1756893490.017177,5976173.167366028,5976162.635139418
118.18630146980286,1756893490.523085,5976178.313860458,5976167.642294427
118.69127988815308,1756893491.028063,5976183.753477216,5976172.888266405
119.19589352607727,1756893491.532677,5976189.68234741,5976178.414774296
119.70267128944397,1756893492.039454,5976194.4583542,5976183.875081062
120.20542216300964,1756893492.542205,5976200.862198056,5976189.4140474675
120.7102632522583,1756893493.047047,5976206.14897707,5976194.98107079
121.21549201011658,1756893493.552275,5976208.051327348,5976199.840640817
121.72241759300232,1756893494.059201,5976211.730547476,5976204.25028083
122.22505116462708,1756893494.561834,5976214.9987811595,5976208.358366222
122.72962307929993,1756893495.066406,5976215.937729279,5976211.373472467
123.23658514022827,1756893495.573368,5976218.117898923,5976213.767256837
123.74090671539307,1756893496.07769,5976220.826676127,5976216.322326593
124.2465307712555,1756893496.583314,5976220.674733668,5976218.111163831
124.75287628173828,1756893497.089659,5976223.887606835,5976219.888928967
125.25985527038574,1756893497.596638,5976223.338746678,5976221.369132446
125.76287126541138,1756893498.099654,5976226.3151753815,5976223.008587738
126.26526737213135,1756893498.602051,5976229.612799955,5976224.765812503
126.76798820495605,1756893499.104771,5976234.960650117,5976227.622995793
127.27247381210327,1756893499.609257,5976242.102303786,5976231.265935183
127.7773289680481,1756893500.114112,5976245.843682193,5976235.766922286
128.28359580039978,1756893500.620379,5976251.069466798,5976240.71778057
128.79018020629883,1756893501.126964,5976254.775980294,5976245.750416638
129.2924144268036,1756893501.629198,5976256.900597576,5976250.13840613
129.7949993610382,1756893502.131783,5976260.151501123,5976253.748245597
130.29989361763,1756893502.636677,5976264.500713313,5976257.479651821
130.80249977111816,1756893503.139283,5976270.144761742,5976261.294710809
131.30763506889343,1756893503.644418,5976273.840704493,5976265.107655649
131.8121109008789,1756893504.148894,5976279.289011898,5976269.585338514
132.31654715538025,1756893504.65333,5976282.939691657,5976274.142976621
132.8188762664795,1756893505.15566,5976282.682195233,5976277.779273005
133.32351756095886,1756893505.660301,5976280.273523571,5976279.805025371
133.82590317726135,1756893506.162686,5976278.080800768,5976280.653044625
134.33076095581055,1756893506.667544,5976273.707831581,5976279.536808562
134.8355793952942,1756893507.172362,5976271.059153504,5976277.160700931
135.34194779396057,1756893507.678731,5976268.7201413205,5976274.36829015
135.8466386795044,1756893508.183422,5976265.074417597,5976271.328468954
136.35088467597961,1756893508.687668,5976260.49417741,5976267.811144282
136.8556797504425,1756893509.192463,5976257.26426827,5976264.522431621
137.36206817626953,1756893509.698851,5976252.695315054,5976260.849663931
137.8663854598999,1756893510.203169,5976245.574617422,5976256.220559152
138.3692741394043,1756893510.706057,5976237.845990084,5976250.774873649
138.8742799758911,1756893511.211063,5976232.391191871,5976245.1542765405
139.38099217414856,1756893511.717776,5976229.936649702,5976239.688752826
139.8860867023468,1756893512.22287,5976227.795795808,5976234.708848977
140.3888132572174,1756893512.725596,5976225.638116972,5976230.721548887
140.89536380767822,1756893513.232147,5976223.807191161,5976227.913789103
141.39776182174683,1756893513.734545,5976222.3218641,5976225.899923548
141.90279865264893,1756893514.239582,5976220.023114109,5976223.9172164295
142.4058792591095,1756893514.742662,5976218.396779842,5976222.037413237
142.91218662261963,1756893515.24897,5976216.549131408,5976220.219616124
143.41718745231628,1756893515.753971,5976215.16533593,5976218.491245078
143.92404675483704,1756893516.26083,5976211.751605831,5976216.377193424
144.4306743144989,1756893516.767458,5976208.908491287,5976214.15426886
144.93528771400452,1756893517.272071,5976207.5536006875,5976211.985633029
145.43828558921814,1756893517.775069,5976204.604343849,5976209.596675517
145.9430284500122,1756893518.279812,5976201.08610215,5976206.780828761
146.44608664512634,1756893518.78287,5976196.550005852,5976203.740508766
146.95061540603638,1756893519.287399,5976193.590971235,5976200.6770047555
147.45494413375854,1756893519.791727,5976189.0160835665,5976196.969501331
147.95765447616577,1756893520.294438,5976185.533710776,5976193.155374716
148.46475458145142,1756893520.801538,5976182.41582083,5976189.421318452
148.9676673412323,1756893521.304451,5976179.485486454,5976186.008414572
149.4729404449463,1756893521.809724,5976175.889898627,5976182.468200051
149.97720956802368,1756893522.313993,5976171.264977382,5976178.917978814
150.48275685310364,1756893522.81954,5976167.201456661,5976175.251527991
150.98819851875305,1756893523.324982,5976162.605836777,5976171.289531181
151.49261569976807,1756893523.829399,5976160.170236255,5976167.426481141
151.99515962600708,1756893524.331943,5976155.169871333,5976163.282475682
152.4979691505432,1756893524.834752,5976152.734226048,5976159.576325415
153.00501823425293,1756893525.341802,5976146.5869705435,5976155.453428191
153.50741934776306,1756893525.844203,5976141.133348989,5976151.158930635
154.01380491256714,1756893526.350588,5976140.73258157,5976147.271399697
154.52002215385437,1756893526.856805,5976141.163117177,5976144.470048865
155.02616143226624,1756893527.362945,5976143.4891541395,5976142.621034483
155.53078317642212,1756893527.867566,5976144.905589109,5976142.284758197
156.035053730011,1756893528.371837,5976146.532908189,5976143.364670037
156.53982663154602,1756893528.87661,5976149.216706972,5976145.061495118
157.04492211341858,1756893529.381705,5976151.180761491,5976147.06502398
157.54970526695251,1756893529.886488,5976153.7099831235,5976149.109189777
158.054518699646,1756893530.391302,5976156.904573316,5976151.508986617
158.560480594635,1756893530.897264,5976161.620628062,5976154.526530593
159.0663423538208,1756893531.403126,5976167.589581394,5976158.201105477
159.57306098937988,1756893531.909844,5976170.82052011,5976162.129057201
160.07752680778503,1756893532.41431,5976176.968523816,5976166.780765339
160.5839717388153,1756893532.920755,5976182.145854381,5976171.829021553
161.08701086044312,1756893533.423794,5976189.370942108,5976177.379084362
161.5899305343628,1756893533.926714,5976196.16544307,5976183.094256697
162.09250235557556,1756893534.429285,5976201.236126144,5976189.177377904
162.59523510932922,1756893534.932018,5976205.23170761,5976194.830014663
163.0982494354248,1756893535.435033,5976208.921869386,5976200.185217664
163.60342478752136,1756893535.940208,5976209.908651242,5976204.29275949
164.10839748382568,1756893536.445181,5976212.968699457,5976207.653410767
164.61636590957642,1756893536.953149,5976215.892824399,5976210.5847504195
165.1227343082428,1756893537.459518,5976217.283027552,5976212.995014408
165.6275827884674,1756893537.964366,5976219.050944565,5976215.020829444
166.13595962524414,1756893538.472743,5976219.982474618,5976217.035594118
166.6406853199005,1756893538.977468,5976222.474625103,5976218.936779248
167.14311027526855,1756893539.479894,5976222.6363389455,5976220.285482157
167.64942693710327,1756893539.98621,5976224.722427048,5976221.773362056
168.15249967575073,1756893540.489283,5976227.422251413,5976223.447623426
168.65693736076355,1756893540.993721,5976231.860678638,5976225.82326423
169.16061305999756,1756893541.497396,5976238.59477352,5976229.047293914
169.6662881374359,1756893542.003071,5976245.121156154,5976233.544257355
170.17332196235657,1756893542.510105,5976249.227170882,5976238.445206122
170.67630910873413,1756893543.013092,5976252.0969457,5976243.380144979
171.18344497680664,1756893543.520228,5976255.0678044595,5976248.021570143
171.68606996536255,1756893544.022853,5976257.480281077,5976251.798671654
172.19202041625977,1756893544.528804,5976260.4757473525,5976254.869589895
172.69707942008972,1756893545.033863,5976264.438254475,5976257.911806613
173.20435404777527,1756893545.541137,5976268.524419481,5976261.197301368
173.70698809623718,1756893546.043771,5976273.40776441,5976264.865293359
174.21002674102783,1756893546.54681,5976275.9904664615,5976268.567330436
174.71629977226257,1756893547.053083,5976278.376704869,5976272.147521938
175.21943140029907,1756893547.556215,5976276.53766395,5976274.567403833
175.72291707992554,1756893548.0597,5976272.649171221,5976275.392354182
176.2273073196411,1756893548.56409,5976268.4344626395,5976274.397693829
176.7327094078064,1756893549.069492,5976265.796527969,5976272.35890613
177.23991775512695,1756893549.576701,5976264.08327443,5976269.500220043
177.74423480033875,1756893550.081018,5976261.739402133,5976266.540567679
178.24870324134827,1756893550.585486,5976258.80645225,5976263.772023884
178.75436353683472,1756893551.091147,5976254.672427927,5976261.019616941
179.26147603988647,1756893551.598259,5976250.2808688115,5976257.91648511
179.7694444656372,1756893552.106228,5976245.955004345,5976254.290831093
180.27376866340637,1756893552.610552,5976238.591390626,5976249.661228792
180.7781732082367,1756893553.114956,5976233.081756277,5976244.516289597
181.28262495994568,1756893553.619408,5976230.026760021,5976239.587156015
181.7854220867157,1756893554.122205,5976227.62635055,5976235.056252363
182.29244136810303,1756893554.629224,5976225.8913096385,5976231.043513423
182.7972149848938,1756893555.133998,5976224.987367118,5976228.322708721
183.30375814437866,1756893555.640541,5976223.3977522785,5976226.385907921
183.8062686920166,1756893556.143052,5976223.72352049,5976225.125260016
184.30890560150146,1756893556.645689,5976220.576584979,5976223.715306901
184.8115212917328,1756893557.148305,5976217.708549569,5976222.078754888
185.3158037662506,1756893557.652587,5976216.29156464,5976220.339594392
185.82009267807007,1756893558.156876,5976214.510052103,5976218.562054357
186.32505989074707,1756893558.661843,5976211.51053147,5976216.119456553
186.82813143730164,1756893559.164915,5976209.2737159375,5976213.858882745
187.33279061317444,1756893559.669574,5976206.977504716,5976211.712673773
187.83533787727356,1756893560.172121,5976203.01164028,5976209.056688902
188.34231758117676,1756893560.679101,5976200.017638434,5976206.158206168
188.84928011894226,1756893561.186063,5976196.528640543,5976203.161827982
189.35633277893066,1756893561.693116,5976192.319156582,5976199.77091611
189.86155366897583,1756893562.198337,5976189.3057974195,5976196.236574652
190.36634707450867,1756893562.70313,5976184.905969717,5976192.615440538
190.87273979187012,1756893563.209523,5976181.494970234,5976188.910906899
191.37948966026306,1756893563.716273,5976179.041144292,5976185.413407648
191.88538551330566,1756893564.222169,5976173.324315681,5976181.614439469
192.3924195766449,1756893564.729203,5976168.083630995,5976177.370006183
192.8954303264618,1756893565.232213,5976163.588027106,5976173.1064176615
193.40259099006653,1756893565.739374,5976159.251758162,5976168.6577752475
193.90929746627808,1756893566.246081,5976156.1309777275,5976164.075741934
194.41542506217957,1756893566.752208,5976149.855479207,5976159.381974639
194.92064595222473,1756893567.257429,5976145.802478072,5976154.925744055
195.42755317687988,1756893567.764336,5976141.835846249,5976150.575307883
195.93464922904968,1756893568.271432,5976139.701559901,5976146.665268231
196.44004082679749,1756893568.776824,5976140.873812596,5976143.613835205
196.94442105293274,1756893569.281204,5976142.75309013,5976142.19335739
197.4490213394165,1756893569.785805,5976144.659111071,5976141.964683989
197.95382285118103,1756893570.290606,5976148.490190525,5976143.295552845
198.45702815055847,1756893570.793811,5976149.35873736,5976145.226988336
198.9632968902588,1756893571.30008,5976151.426357035,5976147.337497224
199.46575450897217,1756893571.802538,5976154.421023949,5976149.671083989
199.9683825969696,1756893572.305166,5976158.774993934,5976152.494260561
200.47589802742004,1756893572.812681,5976164.058914435,5976155.608005343
200.97822380065918,1756893573.315007,5976166.439020148,5976159.024061901
201.48097133636475,1756893573.817754,5976173.167903198,5976163.3723711325
201.9858911037445,1756893574.322674,5976177.374630964,5976167.963092536
202.49049878120422,1756893574.827282,5976181.709461059,5976172.549985961
202.9951832294464,1756893575.331966,5976187.973103464,5976177.332823766
203.50174593925476,1756893575.838529,5976194.783636401,5976183.001747018
204.0066270828247,1756893576.34341,5976199.907857449,5976188.349737868
204.51113748550415,1756893576.847921,5976206.0155158285,5976194.07791484
205.01581740379333,1756893577.352601,5976209.552187583,5976199.646460146
205.5204827785492,1756893577.857266,5976211.359407557,5976204.323720965
206.02696013450623,1756893578.363743,5976214.5899817655,5976208.284990037
206.5299413204193,1756893578.866724,5976217.921256222,5976211.8876697915
207.0336456298828,1756893579.370429,5976218.966973335,5976214.4779612925
207.5413339138031,1756893579.878117,5976220.975472301,5976216.762618236
208.04446387290955,1756893580.381247,5976222.489294969,5976218.9885957185
208.54884958267212,1756893580.885633,5976223.686839432,5976220.807967251
209.055504322052,1756893581.392288,5976225.198001828,5976222.263316372
209.56157088279724,1756893581.898354,5976226.947878871,5976223.85949748
210.06634259223938,1756893582.403126,5976229.829995816,5976225.630402183
210.5730803012848,1756893582.909864,5976233.475687564,5976227.827680701
211.078387260437,1756893583.41517,5976240.27721011,5976231.145754837
211.58069825172424,1756893583.917481,5976246.508276972,5976235.407809867
212.0834138393402,1756893584.420197,5976250.130416361,5976240.044317365
212.5876543521881,1756893584.924438,5976253.673150467,5976244.812948294
213.0927038192749,1756893585.429487,5976256.753476861,5976249.468506154
213.5957944393158,1756893585.932578,5976258.481732799,5976253.109410691
214.10234212875366,1756893586.439125,5976261.71186576,5976256.150128449
214.61072778701782,1756893586.947511,5976265.614222598,5976259.246889696
215.1157557964325,1756893587.452539,5976270.562750585,5976262.624809721
215.62059140205383,1756893587.957375,5976274.975700591,5976266.2692544665
216.1251757144928,1756893588.461959,5976278.087604925,5976270.190428892
216.6276729106903,1756893588.964456,5976279.915729776,5976273.831201695
217.1344301700592,1756893589.471213,5976278.001868707,5976276.308730917
217.63871669769287,1756893589.9755,5976275.877059578,5976277.371592715
218.14345359802246,1756893590.480237,5976272.980349506,5976276.972522499
218.6461365222931,1756893590.98292,5976269.985727356,5976275.352146985
219.15276503562927,1756893591.489548,5976267.268796676,5976272.822760364
219.65910124778748,1756893591.995884,5976264.360313621,5976270.094449347
220.16609811782837,1756893592.502881,5976261.732610766,5976267.265559585
220.66897296905518,1756893593.005756,5976258.765365116,5976264.422562707
221.17329144477844,1756893593.510075,5976255.346474346,5976261.494712105
221.679536819458,1756893594.01632,5976248.330365052,5976257.707025779
222.18595170974731,1756893594.522735,5976241.96215989,5976253.227395034
222.6904215812683,1756893595.027205,5976234.835425487,5976247.847957978
223.1976454257965,1756893595.534429,5976230.631377177,5976242.2211603895
223.70393657684326,1756893596.04072,5976230.510846392,5976237.2540347995
224.2089250087738,1756893596.545708,5976227.753333773,5976233.138628543
224.7135512828827,1756893597.050335,5976224.363053717,5976229.618807309
225.21873474121094,1756893597.555518,5976224.098203176,5976227.471362847
225.7236204147339,1756893598.060403,5976221.789886437,5976225.703064699
226.22658920288086,1756893598.563372,5976219.786874281,5976223.558270277
226.73353552818298,1756893599.070319,5976219.278596062,5976221.863322734
227.23596334457397,1756893599.572746,5976216.632335252,5976220.317179041
227.74060654640198,1756893600.07739,5976215.197086532,5976218.536955713
228.25364136695862,1756893600.590425,5976213.526851381,5976216.884348702
228.75836157798767,1756893601.095145,5976211.3794811005,5976215.202870065
229.2654321193695,1756893601.602215,5976208.73819551,5976213.094789955
229.77019262313843,1756893602.106976,5976206.774761295,5976211.123275164
230.27340531349182,1756893602.610189,5976203.471733044,5976208.778204465
230.77797865867615,1756893603.114762,5976199.256557635,5976205.924145717
231.28420758247375,1756893603.620991,5976196.310779613,5976202.91040542
231.7886893749237,1756893604.125473,5976190.305688789,5976199.223904075
232.29541540145874,1756893604.632199,5976187.615354434,5976195.392022704
232.80185651779175,1756893605.13864,5976183.974669879,5976191.49261007
233.30662417411804,1756893605.643408,5976180.14809882,5976187.670918306
233.81117510795593,1756893606.147958,5976175.709140819,5976183.550590548
234.3160035610199,1756893606.652787,5976171.654176454,5976179.820288082
234.8202610015869,1756893607.157044,5976166.670399863,5976175.631297167
235.32754111289978,1756893607.664324,5976162.134137297,5976171.263190651
235.83240938186646,1756893608.169193,5976158.592886805,5976166.952148248
236.3367726802826,1756893608.673556,5976154.63772101,5976162.737864286
236.84332084655762,1756893609.180104,5976149.887920457,5976158.3846130865
237.3464674949646,1756893609.683251,5976145.693688295,5976154.189270773
237.85045909881592,1756893610.187242,5976143.315513838,5976150.425546082
238.35283064842224,1756893610.689614,5976144.566474773,5976147.620263675
238.85539174079895,1756893611.192175,5976144.644274939,5976145.6215744605
239.36234617233276,1756893611.699129,5976146.653797087,5976144.974749787
239.86661863327026,1756893612.203402,5976148.262967484,5976145.488605624
240.37218356132507,1756893612.708967,5976150.764518451,5976146.978406547
240.87487483024597,1756893613.211658,5976153.50229006,5976148.765569603
241.37989354133606,1756893613.716677,5976156.37109925,5976151.110934466
241.8846504688263,1756893614.221434,5976159.446891671,5976153.669553384
242.3893072605133,1756893614.72609,5976163.406655388,5976156.698290964
242.89313888549805,1756893615.229922,5976166.459004162,5976159.837188107
243.39604139328003,1756893615.732825,5976174.783494059,5976164.093428906
243.90041971206665,1756893616.237203,5976177.484591005,5976168.316127257
244.4055359363556,1756893616.742319,5976182.399079022,5976172.9065647265
244.90845394134521,1756893617.245237,5976188.892707057,5976178.003775061
245.41361117362976,1756893617.750394,5976195.447502164,5976183.8014746625
245.91816401481628,1756893618.254947,5976199.6524265725,5976188.775261164
246.42391681671143,1756893618.7607,5976204.953632447,5976194.269069452
246.9287450313568,1756893619.265528,5976208.845597597,5976199.558373168
247.43530321121216,1756893619.772086,5976212.408616277,5976204.261555012
247.94188833236694,1756893620.278671,5976213.733693925,5976207.9187933635
248.44839692115784,1756893620.78518,5976217.028977971,5976211.3941036435
248.9531660079956,1756893621.289949,5976217.257812521,5976213.854939658
249.4582176208496,1756893621.795001,5976219.16595017,5976215.919010173
249.96471500396729,1756893622.301498,5976221.369793678,5976217.711245653
250.46969652175903,1756893622.80648,5976222.19630054,5976219.403766976
250.97638297080994,1756893623.313166,5976223.463127184,5976220.690596819
251.47933983802795,1756893623.816123,5976225.389688495,5976222.316972014
251.98414731025696,1756893624.320931,5976228.30004525,5976224.143791029
252.4891436100006,1756893624.825927,5976232.295639506,5976226.328960195
252.99371075630188,1756893625.330494,5976238.554504931,5976229.600601072
253.5000877380371,1756893625.836871,5976244.85313375,5976233.878602386
254.00473594665527,1756893626.341519,5976250.893677815,5976238.97940025
254.5078616142273,1756893626.844645,5976253.959436662,5976244.111278533
255.01287078857422,1756893627.349654,5976255.721195401,5976248.796389712
255.51968026161194,1756893627.856463,5976259.085947078,5976252.902678141
256.02389550209045,1756893628.360679,5976263.307555741,5976256.593562539
256.531760931015,1756893628.868544,5976267.153970127,5976259.845621001
257.0361661911011,1756893629.372949,5976271.185567583,5976263.290847185
257.5405583381653,1756893629.877341,5976275.617510396,5976267.270110185
258.0456295013428,1756893630.382413,5976278.05685832,5976271.064292434
258.54798197746277,1756893630.884765,5976280.206006379,5976274.443982561
259.0544762611389,1756893631.391259,5976279.260855222,5976276.865359579
259.5588548183441,1756893631.895638,5976276.567419347,5976277.941729932
260.06339502334595,1756893632.400178,5976272.581174414,5976277.334462737
260.56791281700134,1756893632.904696,5976269.414529867,5976275.605997046
261.07051134109497,1756893633.407295,5976266.834769461,5976272.931749662
261.5760929584503,1756893633.912876,5976263.864518217,5976269.852482261
262.0829439163208,1756893634.419727,5976263.479450239,5976267.23488844
262.59155321121216,1756893634.928336,5976258.1126648225,5976264.341186522
263.0943582057953,1756893635.431141,5976254.736792441,5976261.405639036
263.59873390197754,1756893635.935517,5976250.578659403,5976258.154417025
264.10289096832275,1756893636.439674,5976243.567627648,5976254.095038911
264.60790967941284,1756893636.944693,5976236.260308099,5976248.651210483
265.11041140556335,1756893637.447195,5976233.741548498,5976243.776987217
265.6153793334961,1756893637.952163,5976230.013445871,5976238.832317904
266.11834740638733,1756893638.455131,5976228.087562419,5976234.334098508
266.6236197948456,1756893638.960403,5976224.255395834,5976230.471652145
267.1263885498047,1756893639.463172,5976224.262449392,5976228.072080403
267.6288869380951,1756893639.96567,5976221.781553904,5976225.680081484
268.13598561286926,1756893640.472769,5976220.814647349,5976223.840321779
268.6391625404358,1756893640.975946,5976218.350295425,5976221.89286838
269.1436491012573,1756893641.480432,5976216.673524704,5976220.376494155
269.6506726741791,1756893641.987456,5976215.324722034,5976218.588948683
270.15732526779175,1756893642.494108,5976214.06734703,5976217.046107309
270.66225004196167,1756893642.999033,5976212.213687404,5976215.32591532
271.1646366119385,1756893643.50142,5976209.271337041,5976213.510123642
271.67170214653015,1756893644.008485,5976206.723992306,5976211.5202171635
272.1767089366913,1756893644.513492,5976203.030396476,5976209.061352052
272.6817362308502,1756893645.018519,5976200.830837541,5976206.414050153
273.18660068511963,1756893645.523384,5976198.927668719,5976203.756846416
273.6888213157654,1756893646.025604,5976193.024748966,5976200.507528801
274.191241979599,1756893646.528025,5976189.2463505715,5976197.012000455
274.6982204914093,1756893647.035004,5976185.259920186,5976193.4579051975
275.2027380466461,1756893647.539521,5976182.144639352,5976189.720665559
275.70722341537476,1756893648.044007,5976178.511609476,5976185.637453711
276.2117671966553,1756893648.54855,5976173.742362078,5976181.780976333
276.71668672561646,1756893649.05347,5976169.992101177,5976177.930126454
277.22094774246216,1756893649.557731,5976164.7222238425,5976173.822587185
277.72607827186584,1756893650.062861,5976160.231301009,5976169.439919516
278.23074197769165,1756893650.567525,5976156.71172278,5976165.079942178
278.73795318603516,1756893651.074736,5976151.611578473,5976160.653785456
279.24237632751465,1756893651.57916,5976147.34731593,5976156.124828407
279.7466423511505,1756893652.083426,5976144.332601052,5976152.046903849
280.25185561180115,1756893652.588639,5976145.86576185,5976149.173796017
280.75474214553833,1756893653.091525,5976146.169154362,5976147.065282333
281.258020401001,1756893653.594803,5976146.848457376,5976146.112658113
281.76304364204407,1756893654.099827,5976148.886922772,5976146.420579482
282.2677643299103,1756893654.604548,5976151.172307453,5976147.788520763
282.7722043991089,1756893655.108988,5976153.247255667,5976149.264819527
283.2785336971283,1756893655.615317,5976156.383454167,5976151.307679487
283.7854251861572,1756893656.122208,5976158.46594195,5976153.631176402
284.29242038726807,1756893656.629204,5976162.700909526,5976156.393973753
284.7974109649658,1756893657.134194,5976167.559116163,5976159.671335494
285.30237340927124,1756893657.639156,5976172.029792792,5976163.42784292
285.80570888519287,1756893658.142492,5976176.450397475,5976167.441231581
286.3113980293274,1756893658.648181,5976181.2696081055,5976172.001964813
286.81791400909424,1756893659.154697,5976190.417906224,5976177.545364153
287.32695269584656,1756893659.663736,5976194.490974507,5976182.931735821
287.8313875198364,1756893660.168171,5976199.160659946,5976188.357909252
288.3337285518646,1756893660.670512,5976202.98308712,5976193.66444718
288.83860659599304,1756893661.17539,5976206.75369015,5976198.761263588
289.3429625034332,1756893661.679746,5976208.431298602,5976202.363942065
289.8509216308594,1756893662.187705,5976210.882528221,5976205.6422528075
290.35719990730286,1756893662.693983,5976213.482413328,5976208.506603484
290.86402797698975,1756893663.200811,5976214.868933028,5976210.883772667
291.3712229728699,1756893663.708006,5976216.152111391,5976212.763456914
291.8781952857971,1756893664.214978,5976218.106055598,5976214.698408312
292.38509464263916,1756893664.721878,5976218.938982924,5976216.309699254
292.8889365196228,1756893665.22572,5976220.6779439,5976217.748805368
293.39152789115906,1756893665.728311,5976222.520329344,5976219.279084631
293.8950469493866,1756893666.23183,5976224.053164003,5976220.859295154
294.3997106552124,1756893666.736494,5976228.811853446,5976223.000454724
294.90229892730713,1756893667.239082,5976235.09267251,5976226.231192641
295.4049518108368,1756893667.741735,5976241.835624307,5976230.462728722
295.90948581695557,1756893668.246269,5976246.186678224,5976235.195998498
296.4143979549408,1756893668.751181,5976249.950905554,5976240.375546808
296.9184844493866,1756893669.255268,5976252.661364611,5976245.145449041
297.4234800338745,1756893669.760263,5976257.561988519,5976249.639312243
297.9286096096039,1756893670.265393,5976259.640569026,5976253.200301187
298.4331886768341,1756893670.769972,5976263.207424637,5976256.60445047
298.9360601902008,1756893671.272843,5976266.133455255,5976259.8409604095
299.44250679016113,1756893671.77929,5976270.1799016325,5976263.344667814
299.9456629753113,1756893672.282446,5976274.648647007,5976266.761999512
300.454065322876,1756893672.790849,5976277.641453009,5976270.362176308
300.956636428833,1756893673.29342,5976275.641126704,5976272.8489167215
301.46464586257935,1756893673.801429,5976273.69926883,5976274.362079436
301.9698693752289,1756893674.306652,5976269.011498658,5976274.128398841
302.4732141494751,1756893674.809997,5976265.550171433,5976272.308703726
302.9763741493225,1756893675.313157,5976261.597422905,5976269.099897707
303.47950625419617,1756893675.816289,5976259.829812847,5976265.937634935
303.9856219291687,1756893676.322405,5976256.656843759,5976262.529149921
304.4908833503723,1756893676.827666,5976254.970173756,5976259.72088494
304.9951391220093,1756893677.331922,5976249.769098985,5976256.56467045
305.50018978118896,1756893677.836973,5976244.338083347,5976253.112802538
306.0052533149719,1756893678.342037,5976236.849571137,5976248.516754197
306.5124657154083,1756893678.849249,5976229.541605704,5976243.0937065855
307.0174744129181,1756893679.354258,5976225.8688891735,5976237.27344967
307.5220277309418,1756893679.858811,5976221.621438782,5976231.643917629
308.03120493888855,1756893680.367988,5976219.848943031,5976226.7460895665
308.53569984436035,1756893680.872483,5976217.94297325,5976222.964769988
309.04064989089966,1756893681.377433,5976219.236236347,5976220.903696117
309.5435781478882,1756893681.880361,5976214.466426199,5976218.623203522
310.05053210258484,1756893682.387315,5976214.143932168,5976217.1277022
310.5549199581146,1756893682.891703,5976211.500804851,5976215.458074564
311.06149673461914,1756893683.39828,5976209.805974974,5976213.830674907
311.5667541027069,1756893683.903537,5976208.146681472,5976211.612763934
312.0713851451874,1756893684.408168,5976206.228631753,5976209.9652050445
312.5763099193573,1756893684.913093,5976203.195352525,5976207.775489115
313.0808844566345,1756893685.417668,5976200.701437051,5976205.615615555
313.58515453338623,1756893685.921938,5976198.57731857,5976203.369884275
314.08771204948425,1756893686.424495,5976196.226072972,5976200.985762575
314.5949676036835,1756893686.931751,5976192.157129389,5976198.171462101
315.09998655319214,1756893687.43677,5976189.720563241,5976195.476504244
315.60523319244385,1756893687.942016,5976185.859287142,5976192.508074263
316.1076066493988,1756893688.44439,5976182.766151794,5976189.345840908
316.6139199733734,1756893688.950703,5976179.730289033,5976186.046684119
317.1223816871643,1756893689.459165,5976175.000120776,5976182.615282397
317.6271698474884,1756893689.963953,5976172.040267614,5976179.079223271
318.1316108703613,1756893690.468394,5976168.207806865,5976175.548927216
318.63880348205566,1756893690.975587,5976163.7730630925,5976171.750309477
319.14146161079407,1756893691.478245,5976160.053804591,5976167.815012587
319.64618277549744,1756893691.982966,5976156.909382269,5976164.196864886
320.1528437137604,1756893692.489627,5976151.833199594,5976160.155451282
320.65760254859924,1756893692.994386,5976147.12340544,5976155.938570997
321.16424083709717,1756893693.501024,5976142.457851097,5976151.675528598
321.66873240470886,1756893694.005516,5976140.107001982,5976147.6861680765
322.17593359947205,1756893694.512717,5976139.233786881,5976144.151048998
322.6781539916992,1756893695.014937,5976140.306394484,5976141.845687976
323.1848158836365,1756893695.521599,5976140.344130699,5976140.489833029
323.68788266181946,1756893696.024666,5976142.63307733,5976140.524878276
324.1930921077728,1756893696.529875,5976144.666695405,5976141.43681696
324.6995553970337,1756893697.036338,5976148.001442283,5976143.19034804
325.20446491241455,1756893697.541248,5976148.524351998,5976144.833939543
325.7111747264862,1756893698.047958,5976151.654507333,5976147.09601487
326.2158033847809,1756893698.552587,5976155.411751449,5976149.651749695
326.71861577033997,1756893699.055399,5976160.434159539,5976152.805242521
327.22526955604553,1756893699.562053,5976164.99698006,5976156.204350076
327.7295913696289,1756893700.066374,5976169.978934109,5976160.495266498
328.2339560985565,1756893700.570739,5976175.15480664,5976165.19532636
328.7405936717987,1756893701.077377,5976180.554979749,5976170.22397202
329.24745774269104,1756893701.584241,5976188.9975639805,5976175.936652908
329.7509934902191,1756893702.087777,5976193.225995985,5976181.582456092
330.25364661216736,1756893702.59043,5976198.670671096,5976187.3208034905
330.756796836853,1756893703.09358,5976201.184967067,5976192.526835575
331.26387333869934,1756893703.600656,5976205.270799539,5976197.469999533
331.76673197746277,1756893704.103515,5976207.694978797,5976201.209482497
332.27373003959656,1756893704.610513,5976208.268919691,5976204.218067238
332.7806005477905,1756893705.117384,5976210.416999806,5976206.56733298
333.2858121395111,1756893705.622595,5976212.538253378,5976208.837990242
333.7903382778168,1756893706.127121,5976214.426554094,5976210.669141153
334.2966673374176,1756893706.633451,5976214.800546131,5976212.090254621
334.8011586666107,1756893707.137942,5976215.564958665,5976213.549462415
335.3036870956421,1756893707.64047,5976217.603980416,5976214.986858537
335.81007862091064,1756893708.146862,5976219.847433839,5976216.44869463
336.316773891449,1756893708.653557,5976223.713141593,5976218.306012129
336.81911420822144,1756893709.155897,5976229.149253953,5976221.175753693
337.3221597671509,1756893709.658943,5976236.398597479,5976225.342481456
337.8319661617279,1756893710.168749,5976242.380123153,5976230.297710003
338.33831214904785,1756893710.675095,5976244.155937849,5976235.159410806
338.8434946537018,1756893711.180278,5976247.710035665,5976239.95878962
339.3464026451111,1756893711.683186,5976250.3206322035,5976244.193065271
339.85282039642334,1756893712.189604,5976256.081732601,5976248.129692295
340.359228849411,1756893712.696012,5976258.342669638,5976251.322201592
340.86423563957214,1756893713.201019,5976262.808818689,5976255.05277776
341.3665635585785,1756893713.703347,5976267.406683178,5976258.992107262
341.87093591690063,1756893714.207719,5976271.577708303,5976263.243522482
342.37447571754456,1756893714.711259,5976274.55754548,5976266.938685058
342.87706089019775,1756893715.213844,5976273.308451852,5976269.9318415
343.38135528564453,1756893715.718139,5976271.647578812,5976271.699593524
343.8837957382202,1756893716.220579,5976270.082833679,5976272.234823625
344.38752007484436,1756893716.724303,5976265.9149548365,5976271.102272933
344.89417028427124,1756893717.230953,5976262.359629203,5976268.6626896765
345.401123046875,1756893717.737906,5976259.806976713,5976265.962394649
345.9082279205322,1756893718.245011,5976257.265969309,5976263.0860727485
346.41479206085205,1756893718.751575,5976254.298007433,5976259.929107499
346.9199743270874,1756893719.256758,5976249.999014271,5976256.745919386
347.4253919124603,1756893719.762175,5976242.514108776,5976252.776815301
347.9299590587616,1756893720.266742,5976237.837254672,5976248.382870893
348.4346535205841,1756893720.771437,5976230.421279638,5976243.013932959
348.93893122673035,1756893721.275714,5976225.78704744,5976237.31174096
349.4439513683319,1756893721.780734,5976222.66521185,5976231.8449804755
349.94649624824524,1756893722.28328,5976220.52385276,5976227.446929271
350.4494278430939,1756893722.786211,5976219.632201207,5976223.805918578
350.9518942832947,1756893723.288677,5976218.425416135,5976221.406745879
351.45673847198486,1756893723.793522,5976217.375395265,5976219.724415443
351.96158504486084,1756893724.298368,5976217.757873314,5976218.742947737
352.46574425697327,1756893724.802527,5976214.229156796,5976217.484008544
352.97023582458496,1756893725.307019,5976213.185645917,5976216.194697486
353.47647356987,1756893725.813257,5976212.45448039,5976215.000510337
353.9833505153656,1756893726.320134,5976210.499864721,5976213.6254042275
354.48650074005127,1756893726.823284,5976207.069674188,5976211.487764401
354.990993976593,1756893727.327777,5976205.064999362,5976209.654932916
355.4949748516083,1756893727.831758,5976202.413533116,5976207.500510355
356.00000262260437,1756893728.336786,5976198.993689507,5976204.808352178
356.5028305053711,1756893728.839614,5976196.298437486,5976201.9680667315
357.0086119174957,1756893729.345395,5976191.4395657815,5976198.842045051
357.51117992401123,1756893729.847963,5976187.662152199,5976195.361475619
358.0186302661896,1756893730.355414,5976183.530103896,5976191.584789774
358.5263156890869,1756893730.863099,5976179.735545628,5976187.733160999
359.0326478481293,1756893731.369431,5976175.543698759,5976183.582213253
359.5356137752533,1756893731.872397,5976172.967046267,5976179.887709349
360.0402295589447,1756893732.377013,5976167.374406316,5976175.830160173
360.5472981929779,1756893732.884081,5976163.611771313,5976171.846493656
361.0518989562988,1756893733.388682,5976159.875067566,5976167.874398043
361.55702900886536,1756893733.893812,5976155.093612334,5976163.784380759
362.06163120269775,1756893734.398414,5976151.426382614,5976159.476248029
362.56698727607727,1756893734.90377,5976147.946158505,5976155.590598467
363.06953167915344,1756893735.406315,5976144.167907193,5976151.701825643
363.5749237537384,1756893735.911707,5976139.454666196,5976147.617745369
364.07938170433044,1756893736.416165,5976140.423401688,5976144.683703239
364.58420491218567,1756893736.920988,5976142.339315516,5976142.86628982
365.0910065174103,1756893737.42779,5976143.67428605,5976142.011915328
365.593341588974,1756893737.930125,5976144.454180598,5976142.069170009
366.1003203392029,1756893738.437103,5976147.220901851,5976143.622417141
366.6064360141754,1756893738.943219,5976150.037720629,5976145.545280928
367.1108636856079,1756893739.447647,5976154.540729795,5976147.985563784
367.61778259277344,1756893739.954566,5976155.78252686,5976150.407211946
368.1227102279663,1756893740.459494,5976158.443911572,5976153.2051581405
368.62758111953735,1756893740.964364,5976163.505053477,5976156.461988467
369.13195872306824,1756893741.468742,5976165.801744316,5976159.614793205
369.63673639297485,1756893741.97352,5976171.361744775,5976162.9789962005
370.14172434806824,1756893742.478508,5976176.699343938,5976167.162359616
370.6505527496338,1756893742.987336,5976182.25426686,5976171.924430673
371.1571235656738,1756893743.493907,5976188.295226593,5976176.882465296
371.66004490852356,1756893743.996828,5976192.420170179,5976182.206150469
372.16275358200073,1756893744.499537,5976197.182089038,5976187.370219322
372.667845249176,1756893745.004628,5976201.8837233195,5976192.407095198
373.1708970069885,1756893745.50768,5976205.704884307,5976197.097218687
373.6753866672516,1756893746.01217,5976208.512865355,5976201.14074644
374.17786288261414,1756893746.514646,5976209.351931771,5976204.527098758
374.68461656570435,1756893747.0214,5976213.232507632,5976207.7371824775
375.1893322467804,1756893747.526115,5976214.008258296,5976210.162089473
375.69606041908264,1756893748.032844,5976214.90594662,5976212.002301934
376.20455288887024,1756893748.541336,5976217.095069103,5976213.718742685
376.7077250480652,1756893749.044508,5976218.860990912,5976215.620554512
377.21348452568054,1756893749.550268,5976219.856124488,5976216.945277884
377.71840238571167,1756893750.055185,5976221.161665763,5976218.375959377
378.22132778167725,1756893750.558111,5976223.850311868,5976220.164832426
378.7263355255127,1756893751.063119,5976230.12630919,5976222.771080444
379.2287619113922,1756893751.565545,5976236.396052315,5976226.278092725
379.7433388233185,1756893752.080122,5976242.365613161,5976230.77999046
380.2505567073822,1756893752.58734,5976246.658077144,5976235.879272735
380.7530846595764,1756893753.089868,5976249.105668074,5976240.930343976
381.25942158699036,1756893753.596205,5976250.327199751,5976244.970522089
381.76432251930237,1756893754.101106,5976254.615929122,5976248.614497451
382.2672441005707,1756893754.604027,5976258.116162824,5976251.764607383
382.7742533683777,1756893755.111037,5976262.118785058,5976254.8567489665
383.27898836135864,1756893755.615772,5976266.943962117,5976258.424407775
383.7839632034302,1756893756.120746,5976270.769721026,5976262.512912029
384.28907108306885,1756893756.625854,5976273.278440658,5976266.245414337
384.79207706451416,1756893757.12886,5976274.81083407,5976269.584348585
385.29866886138916,1756893757.635452,5976273.90601545,5976271.941794664
385.8029899597168,1756893758.139773,5976271.109839359,5976272.774970112
386.30815172195435,1756893758.644935,5976266.814843001,5976271.983994506
386.8129508495331,1756893759.149734,5976264.7298420295,5976270.274274781
387.3192472457886,1756893759.65603,5976261.960658747,5976267.704239718
387.8255205154419,1756893760.162304,5976258.967456261,5976264.716527879
388.3324866294861,1756893760.66927,5976256.982285832,5976261.891017174
388.83488059043884,1756893761.171664,5976253.057361447,5976259.139520863
389.3417639732361,1756893761.678547,5976248.559666431,5976255.905485744
389.84647941589355,1756893762.183263,5976241.9047338255,5976251.89430076
390.35285115242004,1756893762.689634,5976235.372531846,5976247.1753158765
390.8577859401703,1756893763.194569,5976228.345947731,5976241.448048256
391.3644542694092,1756893763.701237,5976226.949151453,5976236.226406257
391.8681848049164,1756893764.204968,5976223.474791453,5976231.209431262
392.37303376197815,1756893764.709817,5976223.706331041,5976227.569750705
392.8759243488312,1756893765.212708,5976221.975734575,5976224.89039125
393.38049268722534,1756893765.717276,5976219.180939779,5976223.05738966
393.88795495033264,1756893766.224738,5976218.024757429,5976221.2725108545
394.39256858825684,1756893766.729352,5976217.397086713,5976220.056969907
394.89906215667725,1756893767.235845,5976215.530221651,5976218.421748029
395.4018623828888,1756893767.738646,5976213.846646772,5976216.795930469
395.90717124938965,1756893768.243954,5976212.252542723,5976215.410251058
396.41218996047974,1756893768.748973,5976209.211922168,5976213.647684006
396.9171667098999,1756893769.25395,5976206.1111833025,5976211.390503323
397.42046666145325,1756893769.75725,5976203.956401349,5976209.075739263
397.92480993270874,1756893770.261593,5976200.938514609,5976206.494112831
398.4278361797333,1756893770.764619,5976197.292490326,5976203.502102351
398.93233704566956,1756893771.26912,5976192.477455555,5976200.155209029
399.4366765022278,1756893771.77346,5976189.510420937,5976196.835056555
399.94191813468933,1756893772.278701,5976185.859920235,5976193.2157603325
400.4483058452606,1756893772.785089,5976182.098353177,5976189.447728047
400.9509611129761,1756893773.287744,5976178.08791,5976185.606811982
401.45812034606934,1756893773.794904,5976175.965524533,5976182.304425777
401.96471881866455,1756893774.301502,5976172.077741637,5976178.817889917
402.46769523620605,1756893774.804479,5976165.426492486,5976174.731204366
402.97342443466187,1756893775.310208,5976162.025385889,5976170.716610909
403.48030948638916,1756893775.817093,5976158.964007539,5976166.891830416
403.9850072860718,1756893776.321791,5976153.080144541,5976162.314754419
404.48797392845154,1756893776.824757,5976149.225851657,5976157.744376423
404.99315309524536,1756893777.329936,5976146.773100055,5976154.013697935
405.4974982738495,1756893777.834282,5976142.6965657445,5976150.147933907
406.00245785713196,1756893778.339241,5976142.674388285,5976146.890010057
406.5053493976593,1756893778.842133,5976144.136028694,5976145.101186886
407.01017117500305,1756893779.346954,5976144.779552328,5976144.211927021
407.5148870944977,1756893779.85167,5976147.153947408,5976144.288096492
408.0208613872528,1756893780.357645,5976149.600483183,5976145.66887998
408.5254714488983,1756893780.862255,5976150.002229019,5976147.134448127
409.0302710533142,1756893781.367054,5976154.194293315,5976149.14610105
409.53709650039673,1756893781.87388,5976155.824298246,5976151.355050234
410.0430052280426,1756893782.379788,5976159.145622262,5976153.753385206
410.549763917923,1756893782.886547,5976164.141095097,5976156.661507588
411.0524115562439,1756893783.389195,5976167.250869934,5976160.11123577
411.5571508407593,1756893783.893934,5976171.449054135,5976163.562187935
412.0624039173126,1756893784.399187,5976177.555535856,5976167.908435457
412.5695776939392,1756893784.906361,5976182.439047051,5976172.567120415
413.072060585022,1756893785.408844,5976188.363920443,5976177.4116854835
413.57680678367615,1756893785.91359,5976194.247546829,5976182.811020862
414.08126163482666,1756893786.418045,5976198.548701461,5976188.230950328
414.5838806629181,1756893786.920664,5976203.205398889,5976193.3609229345
415.08901619911194,1756893787.425799,5976206.696372799,5976198.212388085
415.5939655303955,1756893787.930749,5976209.861744763,5976202.511952949
416.09959506988525,1756893788.436378,5976212.819295768,5976206.226302736
416.6064085960388,1756893788.943192,5976213.27198965,5976209.170960373
417.1115756034851,1756893789.448359,5976214.686653236,5976211.467211244
417.6182312965393,1756893789.955015,5976216.871133033,5976213.50216329
418.1204764842987,1756893790.45726,5976217.943587159,5976215.118531769
418.6236002445221,1756893790.960384,5976219.836038155,5976216.521880246
419.1289322376251,1756893791.465716,5976220.942052634,5976218.055892843
419.6356625556946,1756893791.972446,5976222.0918401,5976219.5369302165
420.1421408653259,1756893792.478924,5976225.922407962,5976221.347185202
420.64702796936035,1756893792.983811,5976229.391773557,5976223.636822482
421.15189576148987,1756893793.488679,5976235.907719741,5976226.8511588
421.6591086387634,1756893793.995892,5976242.598642756,5976231.182476822
422.1619031429291,1756893794.498686,5976246.520510387,5976236.06821088
422.6697187423706,1756893795.006502,5976250.575647413,5976240.99885877
423.1746115684509,1756893795.511395,5976253.61675398,5976245.843854856
423.67957067489624,1756893796.016354,5976255.065591829,5976249.675429272
424.18672490119934,1756893796.523508,5976260.406011135,5976253.236902949
424.69179010391235,1756893797.028573,5976264.131747655,5976256.759150403
425.19647431373596,1756893797.533257,5976269.307728899,5976260.505566699
425.7045862674713,1756893798.041369,5976273.5143415565,5976264.485084215
426.2123668193817,1756893798.54915,5976276.745427356,5976268.82105132
426.71912264823914,1756893799.055906,5976277.6574338265,5976272.271335858
427.22147583961487,1756893799.558259,5976274.738124232,5976274.392611174
427.7266628742218,1756893800.063446,5976272.715371067,5976275.074139608
428.23162961006165,1756893800.568413,5976268.894971071,5976274.15026551
428.73460149765015,1756893801.071385,5976265.547485582,5976271.9106771555
429.2414526939392,1756893801.578236,5976262.38279787,5976268.855749964
429.74462127685547,1756893802.081404,5976259.045646515,5976265.717254421
430.25067472457886,1756893802.587458,5976256.383385703,5976262.450857348
430.75575160980225,1756893803.092535,5976252.723120012,5976259.216487137
431.2608530521393,1756893803.597636,5976248.627503366,5976255.832490693
431.765123128891,1756893804.101906,5976243.511250345,5976252.058181187
432.27173805236816,1756893804.608521,5976236.068615037,5976247.462774893
432.77446031570435,1756893805.111244,5976229.591760784,5976242.104449909
433.27929401397705,1756893805.616077,5976226.785026739,5976236.916831255
433.7819814682007,1756893806.118765,5976226.592924405,5976232.509915462
434.2887382507324,1756893806.625522,5976224.349106474,5976228.677486688
434.79366993904114,1756893807.130453,5976223.049000851,5976226.073563851
435.2978823184967,1756893807.634665,5976222.403443643,5976224.635900423
435.800696849823,1756893808.13748,5976220.847286839,5976223.448352442
436.30525374412537,1756893808.642037,5976218.082880535,5976221.746343668
436.80836606025696,1756893809.145149,5976216.6723288605,5976220.210988145
437.311470746994,1756893809.648254,5976215.323206446,5976218.665829265
437.8158538341522,1756893810.152637,5976213.6671871245,5976216.918577961
438.31929445266724,1756893810.656078,5976211.0208687605,5976214.953294345
438.8257360458374,1756893811.162519,5976208.800699112,5976213.09685806
439.32801246643066,1756893811.664796,5976206.588868394,5976211.080165967
439.8339259624481,1756893812.170709,5976203.385146306,5976208.692553939
440.33894085884094,1756893812.675724,5976199.712193164,5976205.901555147
440.84339570999146,1756893813.180179,5976195.473164836,5976202.792014362
441.34810400009155,1756893813.684887,5976192.448250117,5976199.521524563
441.85362935066223,1756893814.190413,5976189.879316252,5976196.179614135
442.3605718612671,1756893814.697355,5976185.367910602,5976192.576166994
442.86303424835205,1756893815.199817,5976183.304204596,5976189.294569281
443.3682076931,1756893815.704991,5976178.581793334,5976185.916294981
443.87264370918274,1756893816.209427,5976175.505879411,5976182.527820839
444.3797390460968,1756893816.716522,5976173.207947966,5976179.193547182
444.8875312805176,1756893817.224314,5976168.282671778,5976175.776499418
445.3920753002167,1756893817.728859,5976164.48843965,5976172.013346428
